Protein_ID,Molecular_Weight,Theoretical_pI,Instability_Index,Aliphatic_Index,GRAVY
MiRH36,55798.8401,8.430998039245608,37.6676907630522,89.49799196787149,-0.295381526
MiMSL3.110,49081.4562,9.131833839416508,46.50022727272725,97.11363636363637,-0.221590909
MiDL4340C,82328.2795,9.127256584167483,48.86812585499331,80.68399452804377,-0.63625171
MiF3I17.7,62307.393599999996,8.788088417053224,49.862230215827424,93.48920863309351,-0.34118705
